placeId,name,wfc,me_time,date,family,group_study,topPurposes,detectedFacilities,reviewCount
ChIJyfd1-3TFaC4RSpWvNdK8BWQ,.,90,0,68,0,100,group_study|wfc|date,parking,423
ChIJb3hT7KLnaC4RilOEAfY4L2s,"""Cafe Baso""",0,68,0,68,0,me_time|family,,301
ChIJDxlPAizdaC4R2nkDfH168Fo,1210 COFFEE & ROASTERY,68,0,0,0,0,wfc,,300
ChIJNTV8au7naC4RJ2B3ay6ADiw,123 Cafe,0,0,0,0,0,,,2
ChIJzbeCe8XpaC4RxN3wphK2Qio,16th Street Coffee House,0,0,0,0,0,,,2
ChIJuRIIlJXmaC4RYQ89D0dn0ns,18 Hrs Café,0,100,68,0,100,me_time|group_study|date,parking,339
ChIJAUTs5KLpaC4R8Fhrp83G1fI,235 Coffee,0,0,0,0,0,,,46
ChIJXUTpftPdaC4RUQXv1mulli4,288 Coffee,0,0,0,0,0,,,35
ChIJWYmpDQDdaC4RZkmcCS5O3wI,2NR TOUR TRAVEL,0,0,0,0,0,,,1
ChIJ59H-qkvmaC4RiXpKU6TP6Lo,4eat Cafe,68,100,0,100,0,me_time|family|wfc,quiet_atmosphere,462
ChIJ8Wf-G0LpaC4RiUeRdQ2XNCI,69 Coffee Bar,0,0,0,68,100,group_study|family,,227
ChIJQTi2EmrdaC4R0sc-55M2x0U,Abah Cafe,0,0,0,0,0,,,5
ChIJ7QZE1hnDaC4RdDLHbFTUmCM,ABBASY CAFE,0,0,0,0,0,,,9
ChIJO5Su_o3naC4RaNYsAoMJuKI,ABSOLUTE I-GAME & CAFE,0,0,0,0,0,,,164
ChIJrw4_TDnDaC4Rm3UsVbwe8Fc,Adinda Coffee,0,0,0,0,0,,,67
ChIJLZF1Ha3daC4RIA_3peUfZi4,Advena Coffee,0,0,0,0,68,group_study,,153
ChIJBdpy0sbpaC4RfFHDx7Lm07w,after morning id,0,0,0,0,0,,,1
ChIJxfmBifHDaC4RE95BLViKOKI,Agate,100,90,68,100,68,wfc|family|me_time|date|group_study,wifi|parking,807
ChIJR8jP0KvdaC4R_tVe36nIGGk,Alarose Cafe,0,0,0,0,0,,,3
ChIJKTxw0uTnaC4R5h3CeJ5S5E8,Amateur Coffee,0,68,68,0,68,me_time|date|group_study,,414
ChIJu7T4EuPDaC4RqhoIiADMtiU,Amaze Coffee,0,0,0,0,68,group_study,,69
ChIJY6NKs-PDaC4RPVSfq3y_Oy4,Amigos Cafe,0,0,0,0,0,,,7
ChIJ8xBFGUzmaC4RFGJU4b_-DjA,And's Zeroun Cafe And Resto,0,0,0,0,0,,,2
ChIJU37I5sPDaC4RE9l72XEcUvU,Apo coffee,68,68,100,68,100,date|group_study|wfc|me_time|family,outdoor_area,559
ChIJc9HADonpaC4R-iEwDKCTdGU,Aprilia Cafe And Resto,100,100,100,100,100,wfc|me_time|date|family|group_study,wifi|power_outlet|quiet_atmosphere,959
ChIJ6zyEALPnaC4RcUFSbcF2Jcw,AQUAIR_CoffeeRium,0,0,100,68,68,date|family|group_study,kid_friendly,315
ChIJP-vDdi_naC4R_lCgSy8nJCM,ARENA BOLA GAMES CAFE,0,90,0,0,90,me_time|group_study,,692
ChIJayzA1arDaC4RJ7VRiRLNiFY,Arensha Coffee Shop,0,0,0,0,0,,,3
ChIJbZoVLgDdaC4Rg9IrkECehNI,Arizta Cafe & Wash,68,90,68,100,0,family|me_time|wfc|date,mushola|parking|quiet_atmosphere,253
ChIJw395CDndaC4R0NsKNbxr2J0,Arkan Cafe,0,0,0,0,0,,,4
ChIJtaencgDdaC4RRmF_mw6WEzo,Aster cafe,0,0,0,0,0,,,10
ChIJ2x6eo5rpaC4R65BI-lked9Y,Astrajingga Coffee Culture,68,0,0,68,90,group_study|wfc|family,parking,114
ChIJqVwt8eLDaC4Rj1FzF0JJ5vw,Awall Coffee,0,68,0,0,0,me_time,quiet_atmosphere,126
ChIJRfNQLejpaC4RPGFFro3V2kw,ayakan kopi roaster,0,0,0,0,0,,,1
ChIJeVYgbwvDaC4R3qjj23SZBgA,Ayang Coffee,100,100,100,68,100,wfc|me_time|date|group_study|family,wifi|power_outlet|mushola|parking|quiet_atmosphere|outdoor_area,1216
ChIJaxlvfSznaC4RG8umwdXdJt0,B'Creative Coffee & Merchant,0,0,0,68,68,family|group_study,,211
ChIJSROk7XvnaC4RJIXPKDO6kAQ,Balantik Coffee Shop & Roastery,0,0,0,0,0,,,20
ChIJ0yUN11DdaC4RJq3Y0-e5ndE,Bale-M Cafe,0,100,100,100,100,me_time|date|family|group_study,mushola|parking|quiet_atmosphere,593
ChIJGQR8slfdaC4R9HHUJR2XtpA,Bali Cafe Design,0,0,0,0,0,,,1
ChIJ2YBm_HrdaC4RYnsjS0kghVI,Balingbing cafe,0,0,0,0,0,,,5
ChIJD526N8vnaC4RrNigrw1uSfY,Bayang cafe,90,90,0,0,0,wfc|me_time,quiet_atmosphere,45
ChIJUTIiRyPpaC4RW6Q_CyVa0Ik,Bayco Coffee,0,0,0,0,0,,,148
ChIJ9w4TLIvnaC4Rpo1ND0sCtkk,Beda Cerita Coffee,100,100,100,100,100,wfc|me_time|date|family|group_study,wifi|power_outlet|mushola|parking|quiet_atmosphere|outdoor_area,1953
ChIJ53ACn_DdaC4R1VcLOKkLPXE,Benjan Cafe,0,0,0,0,0,,,1
ChIJpUlup9rpaC4RsU6GxKSlzEI,Betang Coffee,0,0,0,0,0,,,28
ChIJWVWxMLbnaC4RRHG9Z4q-xeY,Betang Coffee @WiFi Corner,100,68,68,100,68,wfc|family|me_time|date|group_study,wifi|power_outlet|parking,467
ChIJGd7p0mfdaC4RuZSmrxGdUUg,Bingkai Coffee,90,100,90,0,100,me_time|group_study|wfc|date,wifi|mushola|quiet_atmosphere,447
ChIJWdO_BADDaC4RtXcJZ_gmr48,Biwru Cafe,0,0,0,0,0,,,1
ChIJB4vJt9nCaC4R1Dyh98REIVM,Black Hole Cafe,0,68,0,0,0,me_time,,26
ChIJ4R0C7rvnaC4RK7Nemqw_Hpk,Black Insomnia Coffee,90,90,0,68,0,wfc|me_time|family,,200
ChIJFbqs5cvnaC4R7BZq6XSKt0I,Bober Cafe,100,100,100,100,100,wfc|me_time|date|family|group_study,wifi|mushola|parking|quiet_atmosphere|large_tables|outdoor_area,1556
ChIJbw7POB3daC4R2-0aYL3lfyE,Bonceng Family Cafe,0,100,68,0,90,me_time|group_study|date,parking|quiet_atmosphere,286
ChIJBw6E11znaC4RF2k6Sc4aBbU,Box Coffice Antapani,100,90,90,90,100,wfc|group_study|me_time|date|family,wifi|mushola|parking|outdoor_area,696
ChIJz6HYomjnaC4RsTp3cVsp9xc,Breakthrough Cafe & Coffee,0,0,0,0,0,,,14
ChIJzwadZJ_naC4RJE7fDwwSrzU,Briiz Chocolate Cafe Saparua,0,100,0,0,0,me_time,parking,604
ChIJ73IfRb7paC4RfgPOz_xiA_E,BROTHER'S CORNER COFFEE,100,100,0,100,100,wfc|me_time|family|group_study,wifi|parking|quiet_atmosphere,421
ChIJuzRf35TpaC4RbJgKcQe8m1U,Buff Cafe Indonesia,0,0,0,0,68,group_study,,120
ChIJjeJPSknmaC4R5p13sBjrSGs,Buih Kopi,100,100,90,90,100,wfc|me_time|group_study|date|family,wifi|power_outlet|quiet_atmosphere,1239
ChIJmbfwsuHDaC4RDO5dVrNLLlE,Bungsu Coffee,90,0,90,0,68,wfc|date|group_study,,264
ChIJW91XADrDaC4R4RUrb-3re-A,Byard Coffee,0,90,0,0,0,me_time,,43
ChIJl1qeiTPdaC4R9gKXTItLZPk,C&T coffe shop,0,0,0,0,0,,,52
ChIJTfODHADDaC4Rsp3TvokyzLY,cafe,0,0,0,0,0,,,1
ChIJ_ztCRMfdaC4Rfsz9hK7zXBk,Cafe,0,0,0,0,0,,,1
ChIJrU2C4A3daC4Rh-N082jlNLQ,Cafe & Resto 19,0,0,0,0,0,,,75
ChIJWeEcMQDdaC4RBXuB-GAelDA,Cafe 379,68,90,68,0,0,me_time|wfc|date,,28
ChIJMTT9GXLpaC4RU8shYi7M5Ps,Cafe 90's,0,0,0,0,0,,,4
ChIJdwTEKK_naC4RXA9K3RgqM54,Cafe Abah,0,0,0,0,0,,,26
ChIJ_02nunDnaC4R0plC5_AqlHg,Cafe Abang Sinulaki,0,0,68,0,0,date,,45
ChIJp1taBQDdaC4R55_6JZe9bIw,Cafe abdee,0,100,100,68,100,me_time|date|group_study|family,,300
ChIJ9-ob3D3daC4RlfSR_Sr7adQ,Cafe abex,0,0,0,0,0,,,17
ChIJKR2rzzTDaC4RYMbgjy0CHjQ,Cafe Alfatih,0,0,0,0,0,,,5
ChIJ6xTyALbdaC4R3QwR_bc9kP8,Cafe Arabika Bukit Palasari,68,100,100,0,90,me_time|date|group_study|wfc,parking|quiet_atmosphere,706
ChIJxRLHMJjnaC4RNJVF3EEH_5g,Cafe Asri,0,0,0,0,0,,,11
ChIJYX2SXlDmaC4R_fHmNyH2rTk,Cafe Babeh,0,0,0,68,0,family,,114
ChIJYwpEri_oaC4ReFYaRZnl1nk,Cafe Bagja,0,0,0,0,0,,,4
ChIJB0zriYLdaC4RsvT6CivH5zI,Cafe Bahagia,0,68,68,0,0,me_time|date,,32
ChIJ85TPl-3daC4RL17HK31FqJs,CAFE BENGKEL 41,68,68,68,0,68,wfc|me_time|date|group_study,,190
ChIJSZh0o4HdaC4RcUThNCAmK1M,Cafe Berkah,0,0,0,0,0,,,74
ChIJj570meLDaC4R34Gq5kBaFHs,Cafe Bintang Kehidupan,0,90,68,90,0,me_time|family|date,parking|quiet_atmosphere|outdoor_area,189
ChIJu2n3XX_daC4RcxvOJP4k9JE,Cafe Buruan Sunda,0,0,0,0,0,,,1
ChIJIWft1BznaC4R-1UWVdpRm3Y,Cafe C99 coffee & food,0,0,0,0,0,,,10
ChIJj3XZIOznaC4R524ZG5-mkrw,cafe cinta by justice band,0,0,0,0,0,,,24
ChIJq3B97UjnaC4R_wQQUVpSkRU,Cafe Cisangkuy,100,68,68,90,68,wfc|family|me_time|date|group_study,wifi|power_outlet|outdoor_area,288
ChIJRUp67LvdaC4Rj2PNZn8gY6A,Cafe D'Manggo,0,0,68,0,0,date,,37
ChIJ7yBFs2jCaC4RlDo3VJ-vUlc,cafe damman,0,0,0,0,0,,,15
ChIJFSRj4GfnaC4RnGMDg4gBQKk,Cafe de Musee,100,68,90,0,0,wfc|date|me_time,wifi,626
ChIJCyCg-x7daC4RGEDyQ1isJzY,Cafe Diva,0,0,0,0,90,group_study,,18
ChIJYcX3p47CaC4RQgAZA9lP2XM,Cafe Dua Sejoli Bandung,0,0,0,0,68,group_study,,236
ChIJt2effmLnaC4RrlFXxqBkOF8,CAFE GOUTTE,0,0,0,0,0,,,6
ChIJBWECcNvDaC4RUViPjodqBeI,Cafe Green White,68,100,100,68,100,me_time|date|group_study|wfc|family,quiet_atmosphere,237
ChIJbyx92abnaC4RzmVX-aBNLsk,Cafe HM10,0,100,68,100,90,me_time|family|group_study|date,quiet_atmosphere|outdoor_area,193
ChIJPUPQo97naC4RKdxA7o82a0c,Cafe Ibu,0,68,68,0,0,me_time|date,quiet_atmosphere,113
ChIJoVIO7ErdaC4RZfB-2JqLOvs,Cafe Jabaraya Coffe,0,0,0,0,0,,,47
ChIJAyQXWgDDaC4R0xE1-xEqBW4,Cafe Jadul,0,0,0,0,0,,,1
ChIJb7jAREfDaC4RhNARPJqAfYk,Cafe kadarieu,0,0,0,0,0,,,6
ChIJ2dWMLm_daC4RwQMF8O2Rhhw,Cafe Kanicmate Bandung,0,100,0,0,0,me_time,mushola|quiet_atmosphere|outdoor_area,244
ChIJhwtzXgDnaC4Rxi6YAOd4Gsw,Cafe kebun Bilqis,0,0,0,0,0,,,1
ChIJqcJaJQDDaC4RspLyPwYQffs,Cafe Kreesna,0,0,0,0,0,,,10
ChIJCTjp2RbdaC4RE7jJxhgXW7U,Cafe Lima,0,0,0,0,100,group_study,mushola,71
ChIJy_vbdQDdaC4RaZ8lY-qPbU0,Cafe madam,0,0,0,0,0,,,4
ChIJB6SMM0ndaC4R38zJ7LDq7kM,Cafe Makkah,0,0,0,0,0,,,14
ChIJT-ZlbADdaC4R49-bwiqZhVg,CAFE MAMIH,0,0,0,0,0,,,1
ChIJeQmIpB3oaC4Rq9KhIJAZHTU,Cafe Metro,0,0,68,0,0,date,outdoor_area,88
ChIJH0ALdpXnaC4R7gM7T4r-3xQ,cafe minus,0,0,0,0,0,,,16
ChIJI-1R-ynDaC4Ri90IFXyhIqg,cafe munjul 2,0,0,90,0,0,date,,321
ChIJO_mT9vHdaC4RdoIZsX2z074,Cafe Omahe Abuela,0,0,0,0,68,group_study,,30
ChIJZULuVqLdaC4R3NpBiWhDGuM,Cafe Orange Cigiringsing,68,68,100,0,90,date|group_study|wfc|me_time,parking|quiet_atmosphere,586
ChIJnSrIWwXdaC4ROSTGtoKy19A,Cafe Palalangon,68,100,100,100,100,me_time|date|family|group_study|wfc,wifi|mushola|quiet_atmosphere,513
ChIJ3WgIN7vmaC4Rf03X2dM-ogA,Cafe Paskal,0,0,0,0,0,,,29
ChIJpTQSqmXmaC4RP3wDzW0hTec,Cafe Pasteur,0,0,0,0,0,,parking,133
ChIJYSmr96PdaC4R_XTfe-oCn_0,Cafe Ridwan wms,0,0,0,0,0,,,2
ChIJLe0aD7XnaC4Rr7pS8NqGZYk,Cafe Riung Panyileukan,0,100,100,100,100,me_time|date|family|group_study,mushola|parking|quiet_atmosphere|outdoor_area,1003
ChIJORIVQADnaC4RsLHPhticgTE,Cafe S'Kawan,0,0,0,0,0,,,13
ChIJr5p-Tb7maC4R9IdnHDL6VtU,Cafe Sederhana,0,0,0,68,90,group_study|family,,269
ChIJFR4g7YfdaC4R-NpxN8dzkX4,Cafe Senja,100,0,100,100,100,wfc|date|family|group_study,wifi|parking,1549
ChIJjayOEDvdaC4RMVkFh2Jxx70,Cafe Serdadu,100,100,100,100,68,wfc|me_time|date|family|group_study,mushola|parking|quiet_atmosphere,835
ChIJnc21cAndaC4R7lHjiy1hWjs,Cafe Shof,0,0,0,0,0,,,3
ChIJycpZ5STdaC4R3FnH_qXX0iM,CAFE SI KEMBAR,0,0,0,0,0,,,11
ChIJu7PehDzDaC4RNK1iC6QLim0,Cafe Sumur 68 (Kedai Susu Murni),0,0,0,0,0,,parking,164
ChIJFV4gFwDnaC4R16uxgHbiHVg,Cafe Tambar Malem Pasirlayung,0,0,0,0,0,,,41
ChIJwa-IOJLnaC4ROPOAR9azQUs,Cafe Tansu ( ketan susu ),0,0,0,0,0,,,2
ChIJ4zwXRbPpaC4RDkJqgY1iPOg,Cafe Teras Mami,0,0,0,0,0,,,1
ChIJaZ27FfHCaC4RvluFQGa0-HU,Cafe Teuvo,100,100,100,100,100,wfc|me_time|date|family|group_study,wifi|power_outlet|quiet_atmosphere,898
ChIJbebPby_paC4R2AtB9ARk9Mc,Cafe Triple C,0,68,0,0,0,me_time,,58
ChIJO8wIWYLCaC4RZ1KNNGUJkng,CAFE URANG,0,0,0,0,0,,,1
ChIJx8LdAH7naC4RB-xx8hllYjo,Cafe Wanda Urban,0,0,68,0,0,date,,37
ChIJJV_nrxbdaC4RKgOFq2LRPgw,CALIXTO COFFEE,0,0,0,0,0,,,5
ChIJ8xJD0h_paC4RlvjC_CgUsyY,Calling (Cafe Keliling),0,0,0,0,0,,,1
ChIJ0ULjiy_maC4R8237_Ya3I90,Canary Bakery And Cafe,0,68,68,100,68,family|me_time|date|group_study,parking,2230
ChIJ330GLY7daC4RqTMNxwIKs-c,Canna Lily Cafe,68,100,100,100,0,me_time|date|family|wfc,power_outlet|mushola|parking|quiet_atmosphere|outdoor_area,1101
ChIJjbWmfTvnaC4RAx_-p4xoj6w,Carra cafe,68,68,68,0,68,wfc|me_time|date|group_study,,69
ChIJZzmixE3maC4RVDlP6WgPhOo,Cartoonet Cyber Cafe,0,0,0,0,0,,,2
ChIJC0vUedXnaC4RHLXU3dmL2d4,CAWS (Cafe Asri With Warmindo and Working Space),0,100,100,100,68,me_time|date|family|group_study,quiet_atmosphere,343
ChIJ--iRRyvDaC4RRnUJ-f81lAM,Cempaka Cafe,0,0,0,0,0,,parking,86
ChIJLxVWuDHmaC4RYEXSimq14E0,Checkpoint Auto Salon Cafe,0,0,0,0,0,,,772
ChIJN_jysmrmaC4RlbDkf1bg2jE,Chiba Cafe,0,100,100,100,68,me_time|date|family|group_study,parking|outdoor_area,1744
ChIJjVWVX0_maC4RC6SB3UoNWrA,Chingu Cafe,100,90,90,90,100,wfc|group_study|me_time|date|family,power_outlet|mushola|parking|quiet_atmosphere|outdoor_area,1812
ChIJw_R6OtLnaC4RRnPGky3Tv78,Chinguya Nolja Korean Food Cafe,0,0,0,0,100,group_study,parking,993
ChIJL3sGZJLdaC4RE8zZ-iayR9U,Chokollis Cafe Bandung Uber,0,0,0,0,0,,,9
ChIJhVVlzkfdaC4RL-oJaeZWSL4,Cikopi Mang Eko,0,68,90,0,0,date|me_time,quiet_atmosphere,996
ChIJd8dS4LTnaC4RstEfVvm3iZI,Citarum Coffee Shop,0,0,68,0,68,date|group_study,,65
ChIJ31MTVADdaC4R0AM16JfO8ww,Clove cafe and venue,0,0,68,90,68,family|date|group_study,parking,224
ChIJi06esFHDaC4RV3-6RFb4z-Y,Co-Working Space - Kecamatan Rancasari,0,0,0,0,0,,,2
ChIJNdZZFwDDaC4RTx_Vghy4v74,Coffe Shop Mimimoe,0,0,0,0,0,,,1
ChIJhavgtl7paC4RmF4PDe5GNMI,Coffee Bandoeng,0,0,0,0,0,,,32
ChIJtWWCHefDaC4ROJY-aF1LZTA,coffee by mise,90,100,90,0,90,me_time|wfc|date|group_study,quiet_atmosphere|outdoor_area,560
ChIJ2eJLAgDDaC4R9EONRUkHS2U,COFFEE HOUSE,0,0,0,0,0,,,35
ChIJ5-pcrsrdaC4RVh5vyCG4UZc,Coffee Jow,90,0,0,68,0,wfc|family,parking,99
ChIJHaS_bt7naC4Rrlw2FWza3dA,COFFEE KAULA,0,90,0,0,0,me_time,outdoor_area,630
ChIJQfpLTz3paC4RdpGKGR5dfhY,Coffee Kubal,0,0,0,0,0,,,144
ChIJ9SoAh5XdaC4R5Rau13orqdU,Coffee Love Story,0,0,0,0,0,,,11
ChIJi8KCeorDaC4RYY2crU9vXIc,Coffee manusia,0,0,0,0,0,,,3
ChIJqU2t21nCaC4RAa3J18dQ8ag,Coffee Shop,0,0,0,0,0,,,9
ChIJDUaXtFzdaC4R7Olk4_QvaVw,COFFEE SHOP CAKRABUANA,0,68,0,0,0,me_time,quiet_atmosphere,35
ChIJNWnypU_daC4ROgbjUFN6WhA,Coffee Shop Lasumi Alus,0,68,90,68,0,date|me_time|family,parking|quiet_atmosphere,66
ChIJgZTiMQHDaC4REoU7KBMY2uo,Coffee Shop Osmosis,0,0,0,0,0,,,137
ChIJy-SoT1_naC4RmjuJZd4tBwc,Coffee Street Antapani,0,0,0,0,0,,,37
ChIJL_a00dfCaC4Rf-ZI9TRIqeU,Coffee Sufi,90,68,68,0,100,group_study|wfc|me_time|date,power_outlet,742
ChIJi3xa2PDnaC4RcouhoTAtDSY,Coffee Tiga,68,0,0,0,0,wfc,,14
ChIJR-W07s_naC4RGRvmlI0NoAo,Coffee Tugo - Cibadak,0,0,0,0,0,,,5
ChIJudtq1XvnaC4R4RpzHlq0ObQ,Colada,100,68,100,68,100,wfc|date|group_study|me_time|family,quiet_atmosphere|outdoor_area,857
ChIJv-PTT5bpaC4RFZyORt-yO-I,Color Box Bandung,0,0,0,0,0,,,2
ChIJ2w9M7hbDaC4REwOS9BHQNpo,Come in coffee,68,100,90,90,90,me_time|date|family|group_study|wfc,wifi|parking|quiet_atmosphere,399
ChIJBzaayiznaC4RqkwSuN802hw,Come On Cafe,0,0,0,90,68,family|group_study,,258
ChIJ86Pb0xjnaC4ReIPBz-t1HAQ,Congo Gallery & Cafe,0,100,100,100,90,me_time|date|family|group_study,parking|quiet_atmosphere|kid_friendly|outdoor_area,1056
ChIJnYMyewDDaC4R8Br9SIw9OyI,Consultan bisnis f&b (Cafe/Coffeeshop/Restaurant),0,0,0,0,0,,,1
ChIJR6Q9ztTnaC4R2fUEBQ_BGqM,Contou Coffee,68,100,90,68,68,me_time|date|wfc|family|group_study,power_outlet|mushola|quiet_atmosphere|outdoor_area,771
ChIJN0ZMyorpaC4RqWUAkJB3zbA,Coworking K-10,0,0,0,0,0,,,2
ChIJK2yXt_vpaC4RWvSuFALNtI0,Coworking space,68,0,0,0,90,group_study|wfc,,143
ChIJxbg2qEXDaC4R240CD9H6ZSo,COZY COFFEE SHOP,0,0,0,0,0,,,49
ChIJDx3YM0HmaC4RGDKlPUto5Rc,CRÉMELIN,100,100,100,90,100,wfc|me_time|date|group_study|family,wifi|parking|quiet_atmosphere,4196
ChIJT_4EkjznaC4RlKHxsRwt2ZY,D Nay Coffee & Kitchen,0,100,100,0,0,me_time|date,mushola|quiet_atmosphere,269
ChIJvyUpzRTpaC4RJRRsxqEi5HQ,D.O.R Coffee & Eatery,68,0,0,0,0,wfc,,76
ChIJYY5HmendaC4RrVnvSdfl0dE,D'cafe Tanjakan Panjang,0,0,90,0,0,date,,41
ChIJTc3jYBroaC4RLjm3Ic8IJ4A,D'DoQDoQ Cafe,0,0,0,0,0,,,2
ChIJrbrWzf3daC4RhFOMEUrpJe0,D'Edge Coffee,90,100,100,68,0,me_time|date|wfc|family,wifi|parking|quiet_atmosphere|outdoor_area,924
ChIJw6cdvgHnaC4RYz_rGIu7GhU,D'Jiman Cafe,100,68,0,68,0,wfc|me_time|family,wifi,177
ChIJ-S7haS3DaC4RFs1FIUu_Igo,D21 Coffee Shop,0,0,0,0,0,,,10
ChIJb0d7tiPnaC4RaEhXk50H9IE,Dago Heuvel Restaurant Resort & Cafe,100,100,100,100,0,wfc|me_time|date|family,wifi|parking|quiet_atmosphere|outdoor_area,2343
ChIJ13W6JCLnaC4RgKcAjh7zPlA,dago hills coffee,0,68,0,0,0,me_time,,56
ChIJVbDLR_bDaC4RGJQ77q_05iQ,Daily Booster Coffee,0,0,0,90,0,family,,115
ChIJtanIdT_DaC4Rv8VTv2vR3n0,Daily Café,0,0,0,68,0,family,,113
ChIJwe_TKXXdaC4Ro1O12Qqc6Ro,Daily Cafe Arcamanik,0,68,0,68,0,me_time|family,quiet_atmosphere,341
ChIJNQovSynnaC4RMW0zMuie3Fc,Dandelion coffee,0,0,0,0,0,,,122
ChIJl9MGr2LCaC4RyMSqDLowYPw,Daniel's Coffe Cafe,0,0,0,0,0,,,1
ChIJGW01k17naC4R4cxG84g__S0,Dapur Caringin Tilu,68,100,100,100,90,me_time|date|family|group_study|wfc,mushola|parking|quiet_atmosphere|outdoor_area,1549
ChIJ15FR16_naC4RlwZQZaehT5w,Dawayatra Online Cafe,0,0,0,0,0,,,45
ChIJY5iEECzoaC4RfFf0HviVUxk,de lekker cafe / Kampoeng Tulip,0,0,0,0,0,,,1
ChIJL7xLQgDDaC4RximaWJDUcYs,De’Gio Coffee,0,90,0,0,100,group_study|me_time,,127
ChIJ0SDZtHbnaC4REDavJ75qa6Q,"DE5 Coffee, Jl. Setra Dago Raya No. 4 Antapani Bandung",0,68,0,68,90,group_study|me_time|family,quiet_atmosphere,120
ChIJF7LMwKHpaC4RXvnjEBwWQKE,deka coffee n' roastery,0,0,0,0,0,,,79
ChIJj2qa_SfDaC4Rb5lTSbajcWw,Den's Cafe,0,100,0,100,68,me_time|family|group_study,parking,247
ChIJYUHkW1LdaC4RePD6z8LoJ7M,DIANTARA KOPI,0,100,100,0,68,me_time|date|group_study,quiet_atmosphere,738
ChIJeQOnSPnmaC4Ra4SGZ-V4gfc,Didago Cafe,100,100,100,100,0,wfc|me_time|date|family,parking|quiet_atmosphere,971
ChIJBQIJuYTpaC4RrtfL3VysNVk,dillco group,0,68,68,0,90,group_study|me_time|date,,130
ChIJb7uVzp3naC4R2j4wpRzxw6U,Distributor Kopi SH Juwara Cafe - Ustadz Sobri Bandung,0,0,0,0,0,,,37
ChIJa_EMWDroaC4RbW2xXvaZeHM,"DKRIUK, CHIZZ IN, MATCHA BOY & Kang Coffee Margacinta",0,0,0,0,0,,,98
ChIJd212itrdaC4Rg2HVmNljYYU,Dodo Cafe Family,0,0,0,0,0,,,2
ChIJjcqszR7paC4RwU43lPlvUoY,Dos Amigos Coffee Works Roastery & Supplies,0,0,0,0,0,,,1
ChIJVYWCBJfnaC4R63OMouo0bNU,Dots Board Game Cafe,0,100,90,100,100,me_time|family|group_study|date,parking|quiet_atmosphere,1885
ChIJozjVlWLnaC4R59cIEqm8S5c,"Double Strain , Coffee & Mocktail Bar",68,100,100,68,0,me_time|date|wfc|family,parking|quiet_atmosphere|outdoor_area,792
ChIJvWsbdA7naC4RmNB3-Xmclp8,dr.ells coffee Antapani,100,100,90,90,68,wfc|me_time|date|family|group_study,wifi|power_outlet|parking|quiet_atmosphere|outdoor_area,1727
ChIJ8c9WF97daC4R3ynEdHYbaao,Dr.Ist Workshop & Cafe,0,0,0,0,0,,,54
ChIJ32xuwk3paC4RxsSvwElPTCE,DSK Cafe,68,100,100,100,100,me_time|date|family|group_study|wfc,parking|quiet_atmosphere,585
ChIJaS74Ku7DaC4RS5r8rMEL5c0,Eastbound Space,100,0,0,0,0,wfc,wifi,72
ChIJERemEgXdaC4R6AYPmc2K_NM,Eating Sugar Cafe,0,0,0,0,0,,,51
ChIJr9HC0Q7naC4RGb5jTLDVEL0,Eighty Nine Coffee Shop,0,0,0,0,0,,,17
ChIJC8XndFvdaC4Rwn-wgYIIcF8,El Clasico Coffee,0,0,68,0,0,date,,100
ChIJe37zbFLDaC4R7vrzrmoxAoo,Emhaen Coffee & Roastery,0,0,0,0,0,,,38
ChIJ9-tjm4PnaC4R8WrQS_Wsurk,"England Glory - Guest House , Meeting Room, Cafe",0,0,68,90,0,family|date,,72
ChIJX5XF_8fdaC4RLglH9NzufTw,eRBe Coffee and Roastery,0,0,0,0,0,,,26
ChIJy1pbtOjnaC4RdYNmquXXoW8,Essay Coffee,68,68,0,68,68,wfc|me_time|family|group_study,power_outlet,177
ChIJHRSd3efnaC4Rvp73FbwHsGY,Esscoute Cafe,0,0,0,0,0,,,1
ChIJH1-Ra03daC4RghWGUKyFY3Y,EX RUFUS GAMING CAFE ( CABANG UJUNGBERUNG ),68,68,90,0,68,date|wfc|me_time|group_study,,1689
ChIJIS5P1UHpaC4RWA_09YJ_clo,Familly coffe shop,0,0,0,0,0,,,1
ChIJ-1pBOeznaC4RFdzShh6vAX8,Family Love Café,0,68,0,0,0,me_time,quiet_atmosphere,5
ChIJyyfRJbvDaC4RwE2jNtcGTEY,Famous Cafe (Blackramen Famous & Pizza),100,100,100,100,100,wfc|me_time|date|family|group_study,quiet_atmosphere|outdoor_area,1469
ChIJjSrZZi3paC4RzBz1-x-6TtQ,Filia Coffee,68,100,0,0,68,me_time|wfc|group_study,quiet_atmosphere,223
ChIJZxn_QrnnaC4Rm2dPET0j1Ag,Five Nine cafe (Cafe 59),68,0,0,90,0,family|wfc,wifi|parking,9
ChIJ-1W4X4vnaC4RjaasQblvdM0,Flash Coffee - Braga Citywalk,90,100,90,0,90,me_time|wfc|date|group_study,quiet_atmosphere,906
ChIJcavYhJnpaC4R7QyfKrxsaNM,Flash Coffee - Metro Indah Mall,100,100,100,0,90,wfc|me_time|date|group_study,wifi|quiet_atmosphere,1116
ChIJWRQtWHLpaC4RmMk-AL6VXZ8,Flood Coffee Roastery,0,0,0,0,0,,,191
ChIJgQINi37daC4RXGL4GLmV1t8,Florist Garden Coffee,0,100,68,100,0,me_time|family|date,quiet_atmosphere,170
ChIJA6GdXjHnaC4RxA4DyHTwn8o,Floww Coffee,0,0,0,0,0,,,185
ChIJfVPBy-rnaC4RymcGVNBFRb0,Fokasu Coffee House,68,90,0,0,68,me_time|wfc|group_study,parking|outdoor_area,740
ChIJrzIucCLdaC4RUigF0KOKEJw,FOLKOPIA Cafe & Eatery,90,90,68,0,68,wfc|me_time|date|group_study,,88
ChIJ1S6_9kLnaC4RvzKgg0GkiQY,Forklik Cafe and Billiard,100,100,100,100,100,wfc|me_time|date|family|group_study,wifi|mushola|parking|outdoor_area,1074
ChIJ1RjcNs3DaC4Rcx8YvktTYZE,Fromus Coffee Roasters,0,0,0,0,68,group_study,,37
ChIJNR6kDgDdaC4Re1-IbzGLTAE,G-STUDIO Creative Hub,0,0,0,0,0,,,1
ChIJu8w4zjDnaC4R6B9W9w9zezc,Gan's Koffie,0,0,0,0,0,,,12
ChIJRwCodyXnaC4Ruau2aNDvEyc,Ganesha Cafe,0,100,100,100,0,me_time|date|family,mushola|parking|quiet_atmosphere|outdoor_area,616
ChIJV8xHOfTdaC4RG-Pa0X6XyQE,Garasi Tempoer Car Wash and Coffee Bar,100,100,0,0,0,wfc|me_time,wifi|mushola,1450
ChIJv1DpJlHmaC4RgkawS7IOqxU,Garden Cafe Dago 109 / GMKI Cabang Bandung,68,68,90,0,90,date|group_study|wfc|me_time,,353
ChIJacn0VlrdaC4R0PXTqJliats,Gempol Cafe & Resto,0,90,68,0,90,me_time|group_study|date,parking|quiet_atmosphere|outdoor_area,1048
ChIJw8WspjXnaC4RQ-XqZUGVWFw,Genre Coffee,0,0,0,0,68,group_study,,84
ChIJ2amAxbXnaC4RP8NJEjbrT_c,Germ Cafe,68,90,90,90,100,group_study|me_time|date|family|wfc,,297
ChIJ0wXH6WLnaC4RCvaWa2QoesU,Gettea Coffee PasHon Padasuka,0,0,0,0,0,,,2
ChIJvQm4sonDaC4RT6ZNNdeF1nA,Ghanifa Cafe,68,0,0,0,68,wfc|group_study,parking,452
ChIJm6X5Im_oaC4Rl_TTqfP0jRE,GITS.ID (PT GITS Indonesia),0,0,0,100,0,family,mushola|parking,501
ChIJ5QjjTrrdaC4RB46rCgv2ApM,GOBANG GOCHIZ COFFEE & TEA,0,0,0,0,0,,,1
ChIJhZVL-u3daC4R-Sp-J5yske0,Gobi Stay Cafe,0,68,0,0,0,me_time,,86
ChIJhzXxVE7daC4R4XteohI0OhY,GOOD IDEA HUB,90,68,0,0,0,wfc|me_time,,329
ChIJA4ldo-HnaC4Rno49bkHDdec,Gorogoro cafe,0,0,0,0,0,,parking,311
ChIJ92R6QynDaC4RtimY6IWD7R8,GreenLight Cafe,0,0,0,0,0,,,31
ChIJjThcvbXHaC4RYFEt-c80l84,Groen Cafe,68,100,100,0,68,me_time|date|wfc|group_study,mushola|quiet_atmosphere|outdoor_area,676
ChIJP66cG1DdaC4RHR3a85IWMao,Grow Billiard and Cafe Bandung,90,100,100,100,100,me_time|date|family|group_study|wfc,parking,1488
ChIJl4LYiDjpaC4RrfL4lAYPMco,GRUTS Coffee Margahayu Raya,100,100,100,68,100,wfc|me_time|date|group_study|family,parking|quiet_atmosphere|outdoor_area,1059
ChIJT-ayLpHDaC4RB4qFYdxJFsk,Gultic Cafe n Resto,68,0,0,0,0,wfc,wifi,154
ChIJuRJELwDDaC4RcYqvzQT0pJY,HABER CAFE & RESTO,100,90,68,100,0,wfc|family|me_time|date,mushola,805
ChIJz9BYbN_daC4RnYcIV0meDd0,Haha Kohi,100,100,100,68,100,wfc|me_time|date|group_study|family,mushola|parking|quiet_atmosphere|outdoor_area,2115
ChIJnWXqi4LDaC4RZPurmp2B3Ag,Harade Cafe & Resto Steak Bandung,100,100,100,100,100,wfc|me_time|date|family|group_study,mushola|quiet_atmosphere|outdoor_area,961
ChIJ02AKOb7daC4R8JvA17NQV6Y,HASS Car Wash & Cafe,100,100,68,68,68,wfc|me_time|date|family|group_study,wifi|power_outlet|mushola|parking|quiet_atmosphere,2225
ChIJ5SoVP0rmaC4Rfi6fgfLdLqI,Heritage Cafe,68,90,100,100,90,date|family|me_time|group_study|wfc,kid_friendly,367
ChIJU_8B0drnaC4R4rsmFIDWYaA,HGL Cafe,100,100,100,100,68,wfc|me_time|date|family|group_study,mushola|parking|quiet_atmosphere|outdoor_area,1742
ChIJceJcxLDdaC4RFXcIm05TTfU,Hilari Coffee,0,90,0,0,0,me_time,,127
ChIJiS1MwT7daC4RrNpDHKDso6c,Hitam Putih Coffee,0,0,0,0,0,,,118
ChIJ8fpgKyjpaC4R1i76rgaGa7o,Holi.Coffee,0,0,0,0,0,,,10
ChIJudX1UW_daC4RnvS_2Nqo7is,Hungrypedia Resto & Coffee,68,100,100,90,68,me_time|date|family|wfc|group_study,mushola|quiet_atmosphere,874
ChIJF_q8cevpaC4RCoT2amJjpwM,HVFN COFFEE,0,0,0,0,0,,,21
ChIJWfi0tUTnaC4Raby3g-sahrU,Icco coffee,0,0,100,100,0,date|family,outdoor_area,179
ChIJTxbE8TLDaC4R-I7t0qAQXdA,Ikanika Cafe & Resto,100,100,100,100,100,wfc|me_time|date|family|group_study,wifi|quiet_atmosphere,1249
ChIJ8wl8GjjmaC4R1LLG_lYXBLM,Illy S Cafe BEC Bandung,0,0,0,0,0,,,31
ChIJHxD8fqznaC4R6LKjCpXsv1c,Incorner Coffee,68,100,100,0,100,me_time|date|group_study|wfc,mushola|parking|quiet_atmosphere|outdoor_area,809
ChIJQVogMdDpaC4RPrnOPKGrQZs,Indomaret,100,0,90,0,68,wfc|date|group_study,,910
ChIJiUr9sjvpaC4RY2BNm9O1Gs4,INILO COFFEE,0,90,0,0,0,me_time,,219
ChIJLe6YazrnaC4RZchZERt7MP0,Inoe Cafe,100,100,100,100,100,wfc|me_time|date|family|group_study,wifi|quiet_atmosphere,2165
ChIJzXhoGADDaC4Rpb5m3CP6Jzc,inpine coffee,90,68,0,0,0,wfc|me_time,quiet_atmosphere,44
ChIJNcNikBzDaC4RlVaUx_RbbGo,Intuisi coffee,100,100,68,100,100,wfc|me_time|family|group_study|date,wifi|parking|outdoor_area,368
ChIJJTgbJADnaC4RpZlzExiLC-M,IQOS Partner K cafe & Coffe Shop,68,0,0,90,0,family|wfc,,46
ChIJkc9WoMbDaC4RL4p5_KqPeKA,ITB Innovation Park Project,68,0,0,68,0,wfc|family,,264
ChIJtflbNDjdaC4RTunN62cNoa8,J.co Donuts & Coffee,68,0,0,0,68,wfc|group_study,parking,1113
ChIJh3waeFvmaC4RTxayGcbu6Z8,J.CO Donuts and Coffee,90,100,68,100,100,me_time|family|group_study|wfc|date,quiet_atmosphere|outdoor_area,1790
ChIJMUG3WgDDaC4RW637g71P5JI,Jaad Coffee Plus Warehouse,90,0,68,90,90,wfc|family|group_study|date,,167
ChIJTayVTALpaC4R_NrT9XHzHNA,Java Canephora Coffee,0,0,0,0,0,,,1
ChIJYUk4Xo3naC4RqQg144t360g,Jebak Cafe & Butik,0,0,0,0,0,,,1
ChIJFfoSOwDnaC4RnedYe_kC7es,Jeda Cafe,0,0,0,0,0,,,6
ChIJX7ltdgDpaC4RZ9JTSWDVCN0,JEDA CAFE,90,68,90,0,0,wfc|date|me_time,,187
ChIJR5K4EgDdaC4Rf-G1TvLCEhA,Jeforty Coffee House,0,0,0,0,0,,,1
ChIJf4PIqJbmaC4RkDlSCcm8Xxg,Jimbaran Cafe & Lounge,0,0,0,0,0,,,16
ChIJcYRqyN_naC4RV3pSiEZ1uX4,Jinji Times Coffee,90,100,100,68,90,me_time|date|wfc|group_study|family,power_outlet|parking|quiet_atmosphere|outdoor_area,930
ChIJcUiase_naC4R_HHAUvvdoDc,Joeag Sunda Coffee,100,0,90,90,0,wfc|date|family,,735
ChIJmWzea_fnaC4RTV9Dsopcdk0,Join Us Cafe | Coffee | | Open Kitchen | Event Space | VIP Room,100,100,100,100,100,wfc|me_time|date|family|group_study,wifi|power_outlet|mushola|parking|quiet_atmosphere|outdoor_area,1784
ChIJe2sReDTnaC4R5ZC8P99t4Hs,JRX Pool & Cafe,90,90,68,0,0,wfc|me_time|date,wifi|parking,811
ChIJNdIcm4npaC4Ry48ebqrfq00,K & J Coffee and Barbershop,0,68,0,0,0,me_time,,29
ChIJ035gMwTnaC4RKuI9l8o84Yc,K Cafe & Coffee Shop,100,100,100,100,100,wfc|me_time|date|family|group_study,mushola|parking|quiet_atmosphere|kid_friendly|outdoor_area,1723
ChIJ86IXNn_naC4R0DHcFCBLVPQ,Kafenos Family Cafe,68,0,68,100,68,family|wfc|date|group_study,wifi,98
ChIJAZ_FynbnaC4RdUU5n-J8koQ,Kalbu Coffee,68,90,0,0,68,me_time|wfc|group_study,quiet_atmosphere,56
ChIJr7J7c6rdaC4REdoeiSpheo0,Kalisar stone cafe,100,100,100,100,68,wfc|me_time|date|family|group_study,wifi|power_outlet|mushola|parking|quiet_atmosphere,1309
ChIJw-3CpOPdaC4R07kl4lo70Pk,Kalitaliberika Coffee Shop,0,68,68,0,0,me_time|date,quiet_atmosphere,31
ChIJw-nIq6XnaC4Ri2RK7Dy8bQE,Kanaya Resto & Cafe,90,100,100,100,100,me_time|date|family|group_study|wfc,mushola|quiet_atmosphere|kid_friendly,1000
ChIJf8Jdi6TpaC4RmACQxwydr_I,KANKEI JAPANESE COFFEE,90,90,0,0,0,wfc|me_time,,491
ChIJH4FGeWfdaC4Ruv4iKCVejJQ,Karana Guesthouse Syariah Bandung Luang Cafe - Single Room,0,0,0,0,0,,,1
ChIJRTHiE7XDaC4RsO4akqwJQ2A,KAUL KOPI - COFFEE ROASTER,0,0,0,0,0,,,2
ChIJB-JkIyLdaC4Rlx7D0roHVs0,KBU Coffee,0,90,0,100,100,family|group_study|me_time,parking,422
ChIJJwumTBrdaC4RRGKYvRDj3ig,KD coffee shop,0,0,68,0,0,date,,129
ChIJ0xBGbuvnaC4R2rN0-2XBoyQ,Kedai Dermaga,0,68,100,0,0,date|me_time,mushola|parking,589
ChIJA3JAm_fnaC4RZ_7IWJDQws4,Kedai Kawani,68,90,90,0,100,group_study|me_time|date|wfc,mushola,1129
ChIJP4Gnvm_DaC4REQPuQVgdg0Q,Kedai Under Tree Coffee,0,0,0,90,68,family|group_study,,109
ChIJBU58g6rdaC4RAA5FPsHzR8c,Kedai VW/CAfe Jana,0,100,100,100,100,me_time|date|family|group_study,quiet_atmosphere,613
ChIJ7bDJPfPnaC4RAD88N2FM-yI,KENARI COFFEE,0,0,0,0,0,,,69
ChIJ96zaFZnpaC4RpGNHyhA2gic,Kirana Coffee shop,68,0,0,0,0,wfc,power_outlet,27
ChIJcyxK9xzoaC4RqnpJeE80v38,Kiyoz Kopi Roastery,0,0,68,90,0,family|date,mushola,411
ChIJ1d2ul4DDaC4RUDlS_vJBADc,Kkomi Cafe,100,100,100,90,68,wfc|me_time|date|family|group_study,quiet_atmosphere,557
ChIJUaTNRgDDaC4Rjs56Gcecu8A,Koat Coffee Bandung,100,100,100,100,90,wfc|me_time|date|family|group_study,wifi|parking|quiet_atmosphere|outdoor_area,2086
ChIJmdYQIBnoaC4ROliSOt0ZV-8,KOPERASI MITRA MALABAR - COFFEE SHOP,0,0,0,0,0,,,88
ChIJvSW0YgPDaC4RqOi0_OsjjeM,Kopi Soe Summarecon Bandung,100,100,100,68,68,wfc|me_time|date|family|group_study,wifi|power_outlet|quiet_atmosphere|outdoor_area,1024
ChIJUZG5wi3DaC4RNBG1tvKMiz4,Kopilahdulu Coffee,0,68,68,0,68,me_time|date|group_study,,308
ChIJH0hKuQLDaC4REYPracLiRiE,Kost Kontrakan Buana Studios Co-Working Co-Living Space,0,0,0,0,0,,,21
ChIJWeH8f13naC4RuUpx9rYoVPI,Ksatria Cafe,0,0,0,90,68,family|group_study,parking,50
ChIJi-dS-zvnaC4R0y5VjXWlO1k,Kue Balok & Kopi Sikomo Panghegar,100,100,68,68,0,wfc|me_time|date|family,,562
ChIJHwYMt3ndaC4R2gaFxr1Ly-U,Kyandra Coffee House 39,0,0,0,0,0,,,1
ChIJLxVjfSrnaC4ROYc3bK9TCuE,L'amore Coffee,100,90,68,68,0,wfc|me_time|date|family,power_outlet|mushola|quiet_atmosphere,708
ChIJ1VXdMkrdaC4RX6Sv8grrMq8,LANGGAR SPACE COFFEE,0,100,100,68,68,me_time|date|family|group_study,quiet_atmosphere,420
ChIJI5ZINNbdaC4RuVt-Q5sLXpw,LARCADE Cafe & Eatery,100,100,0,0,68,wfc|me_time|group_study,wifi|mushola|parking|quiet_atmosphere,378
ChIJKy_RPgDdaC4REuqtm0mVdtY,LASUMI SPKLU Carwash & Coffeeshop (One Stop Service Area),0,0,68,100,0,family|date,mushola|parking,418
ChIJr66oueDCaC4RLZgF9NIGHzQ,Laundry Cafe,0,0,0,0,0,,,1
ChIJLZ2TeirDaC4RFxR5CpLO5pY,Lawang Lengkung Coffee,100,100,100,100,68,wfc|me_time|date|family|group_study,wifi|power_outlet|parking|quiet_atmosphere|outdoor_area,2246
ChIJE8cxqzrmaC4RO2RoxpmGxgg,LB Bar & Resto ( La Baraga ),0,100,100,90,100,me_time|date|group_study|family,parking|quiet_atmosphere|outdoor_area,1540
ChIJT9kfoVzmaC4Ru6V0RhUMcrI,Lemongrass Cafe,0,68,68,0,0,me_time|date,,128
ChIJaUajEobnaC4RVwclAlad5I0,Linara Collective + Ant Bakery and Cafe,100,100,100,68,68,wfc|me_time|date|family|group_study,quiet_atmosphere,693
ChIJm_Wi2e3paC4RWbepcE5sd5c,LINKCO.ID,90,100,90,90,68,me_time|wfc|date|family|group_study,quiet_atmosphere,427
ChIJ5wX01DnmaC4RQ9vm2XmOu3U,Little Bandung Cafe,0,0,0,0,0,,,22
ChIJ87IvYe_naC4R2QUbmfYwGa0,Little Sky Coffee,68,100,100,90,0,me_time|date|family|wfc,wifi|mushola|parking|quiet_atmosphere,384
ChIJy3OBnWzmaC4Rnf_e908MKgY,Lolipop Cafe,0,68,90,0,0,date|me_time,,100
ChIJUf1OTU7naC4R-CzdHpg7tvM,LOY CAFE,100,100,68,100,100,wfc|me_time|family|group_study|date,quiet_atmosphere,524
ChIJJ0J_t5_naC4RXnLyDsNKaTk,LS Plus Lakipadada,0,100,100,100,100,me_time|date|family|group_study,quiet_atmosphere|outdoor_area,571
ChIJY-a_HmbdaC4RIYIsAnOlCzc,LUANG Cafe dan KARANA Guest House Bandung,100,100,90,100,100,wfc|me_time|family|group_study|date,parking|quiet_atmosphere,1157
ChIJc8_6bjHdaC4RPmWYDDs7ABg,M.J Cafe,0,100,68,90,90,me_time|family|group_study|date,quiet_atmosphere,411
ChIJc9OmipLpaC4RtEbxjdgV7Cc,Madre Coffee N Chill,68,0,0,90,68,family|wfc|group_study,wifi,461
ChIJV28tzV3daC4R1uEP3aN1Nf4,MAKNA HOUSE (Coffee & Tea),0,0,0,0,0,,,82
ChIJ-TX5wx3oaC4Rwzldy6mzeiU,Manhattan Coffee,0,0,0,0,0,,,2
ChIJmy9CHgDdaC4RbYqMMWAYj4c,MANIK CAFE - BANDUNG UTARA,0,0,68,0,0,date,,8
ChIJy-fG-ErpaC4RaXnan3zQI58,Marsfarm Sushi & Ramen,90,100,100,100,100,me_time|date|family|group_study|wfc,mushola|parking|quiet_atmosphere|outdoor_area,1636
ChIJeTVildXpaC4RVAs8hls1UtQ,Masterpiece Billiard & Cafe,0,68,0,90,90,family|group_study|me_time,,801
ChIJEb9OqQ_DaC4RZ4ZrH3W2L6E,MATAKAYU CAFE,0,0,0,0,0,,,1
ChIJeWyrQ5HnaC4RBbTWYbz_N44,Matrix Music & recording Studio,68,100,0,100,0,me_time|family|wfc,,1097
ChIJCWYUk87paC4R74Hftkw0BOo,Matte coffee,0,90,0,0,68,me_time|group_study,quiet_atmosphere|outdoor_area,92
ChIJebT5El3DaC4R3J7Y84gw8NA,Mavico Coffee Roastery & Clothing,0,0,0,0,0,,,1
ChIJ8XqWMADDaC4Roi3RMG_vtKM,Mavico Coffee Roastery & Good food,0,0,0,0,0,,,1
ChIJmzUDm8nnaC4RoaJTcF3TR4w,MAXX Coffee,100,100,100,68,68,wfc|me_time|date|family|group_study,wifi|parking|quiet_atmosphere|outdoor_area,2064
ChIJfVAneZHnaC4Rp1P1yVpHlzA,Mc Cafe,0,0,0,0,0,,,1
ChIJ4QR95C7paC4RUWRyjCKmI3A,Me & Coffee,68,0,0,0,0,wfc,,109
ChIJI_Il5H_naC4Rsi5eAUzVv4s,Merawat Coffee & Eatery,100,100,100,100,100,wfc|me_time|date|family|group_study,wifi|power_outlet|quiet_atmosphere|outdoor_area,1214
ChIJMezcs5znaC4RtoYpN_Kdhog,Mercusuar Cafe & Resto,0,90,100,100,100,date|family|group_study|me_time,parking|quiet_atmosphere|outdoor_area,2741
ChIJ98UtuVbdaC4RcpDmWvyMuec,Mih Kocok Mang Dadeng Arcamanik,0,90,0,100,100,family|group_study|me_time,parking,1055
ChIJs_MHAkfnaC4ReJqsnvOw0B8,Miliki Coffee,100,100,90,100,0,wfc|me_time|family|date,wifi|parking|outdoor_area,1299
ChIJk7FM37HdaC4R4i4uH-0dU6w,Minkop Coffee Shop,0,0,0,0,0,,,2
ChIJz2qnp33naC4RVXcpzc9VR1s,MIXX CAFE,0,0,0,0,0,,,1
ChIJUwL-KjTmaC4RTYUUd-oPV04,MJ Coffee,0,90,0,90,0,me_time|family,parking,141
ChIJC-HFgjDmaC4R3-kABgt6wXI,MM Cafe & Bandung.me Apartment for Rent - Sewa Apartemen Harian di Bandung,0,68,0,0,68,me_time|group_study,,43
ChIJLapQ337naC4RQMJGUMy8QqQ,"Mochi,cemilan mochi,mochi padat,variant mochi,aneka coffee,minuman series yakult (Mocha Mochi Antapani)",0,0,0,68,0,family,parking,254
ChIJB5l2cADdaC4RPCJLyOJuIeQ,Moje coffee,100,0,68,0,0,wfc|date,wifi|parking,250
ChIJi8HmeQbnaC4RdfdaG5iuejE,Mokka Coffee Cabana - Paskal (Bandung),100,100,100,100,100,wfc|me_time|date|family|group_study,wifi|power_outlet|quiet_atmosphere|outdoor_area,1787
ChIJMa7J8F7daC4RzrLHldLYjhs,Molekul Coffee & Eatery,100,100,68,0,90,wfc|me_time|group_study|date,wifi|power_outlet|quiet_atmosphere|outdoor_area,1158
ChIJrc81UgDdaC4RWCOv2ZZX8x0,Mood Coffee Shop,0,0,0,0,0,,,4
ChIJIaq_G7nnaC4RL2rQTe70zk8,Mori Go Coffee,0,0,0,0,0,,,2
ChIJqch-8u7naC4R5HNQbVD2i4E,Morning Glory Coffee Antapani Outlet,100,100,100,100,100,wfc|me_time|date|family|group_study,power_outlet|parking|quiet_atmosphere,1172
ChIJMwcMvRnoaC4R7wTJoWcO6yE,Mugs Cafe,0,0,0,0,0,,,7
ChIJ-ZmpVADDaC4RrMaNhk1bbRc,MukaBumi Coffee,90,100,100,0,90,me_time|date|wfc|group_study,parking|quiet_atmosphere,203
ChIJb7AbQ4jCaC4Rfca5HIdGeoA,My Home Cafe & Karaoke,68,0,0,68,0,wfc|family,,216
ChIJD2Z0WMnDaC4R9BdSFQT3NBo,Nadir Cafe,0,90,0,0,0,me_time,quiet_atmosphere,261
ChIJwR6PSVjnaC4RQyzOYkfQqik,Nakara Foodcourt,100,100,90,100,100,wfc|me_time|family|group_study|date,wifi|power_outlet|mushola|quiet_atmosphere|outdoor_area,1816
ChIJG35cE3ndaC4R7AYazaUMBag,NALA SPACE,0,100,100,100,90,me_time|date|family|group_study,mushola|parking|quiet_atmosphere|outdoor_area,1079
ChIJWbM-i3DnaC4RI_qylbKjHCI,Neno Coffee,0,0,0,0,0,,,1
ChIJVTiI-pPnaC4RN5RnXm8ma0E,Neo Culture Cafe,0,68,0,0,0,me_time,,23
ChIJjy0FCGfpaC4R0iBl0zS3To8,Nesia Coffee Roastery,0,0,0,0,0,,,1
ChIJD8VcuhDDaC4R4yU4zWH85Ck,NgoPri Galeryliez,0,0,0,0,0,,,6
ChIJz8deRJDraC4Rj3k6at-C4Fk,Nieto Coffee,100,100,100,68,0,wfc|me_time|date|family,wifi|power_outlet|quiet_atmosphere|outdoor_area,736
ChIJpUvGLnLnaC4RivtzPshf8KE,Nine Plus - Cafe & Lounge,0,90,100,0,0,date|me_time,quiet_atmosphere,395
ChIJBROPjKznaC4R4HlikdGebgM,NOISE-excel Coffee Place,0,0,0,68,0,family,,80
ChIJJX81H0vmaC4RV9YXmbSgIGs,Nonna Cafe And Resto,0,100,100,100,0,me_time|date|family,quiet_atmosphere,3095
ChIJy1byckjmaC4Rz81S9vRu1LE,North Dago Cafe,0,68,100,0,0,date|me_time,,302
ChIJg_srTZvpaC4RRV69gpShoVw,Nuku Coffee & Eatery,0,68,68,68,68,me_time|date|family|group_study,,58
ChIJa1i4hyrdaC4RHJAI6i7lt7A,Nurona Space,100,100,100,100,100,wfc|me_time|date|family|group_study,wifi|mushola|parking|quiet_atmosphere|outdoor_area,1786
ChIJOfKSi1jnaC4RaMXxClvNGl8,Ny.Lucy Bakery & Roastery,100,68,68,90,0,wfc|family|me_time|date,parking|outdoor_area,902
ChIJW9zxVeTDaC4RWcGPNcLedJc,Nyamil Cafe & Resto,0,0,0,0,0,,,16
ChIJZ397JMzpaC4RepenCEPV-9Q,Ohang Coffee shop,0,0,0,0,0,,,19
ChIJG-RcNM3CaC4RVdRUDFAU4_Y,Oing Kopi & cuci motor,68,100,100,90,68,me_time|date|family|wfc|group_study,wifi|parking|quiet_atmosphere,933
ChIJM2PZF3jdaC4R2f96hyPlzPo,Omah Putri Cafe & Resto / Omah Putih Cafe,0,100,100,100,100,me_time|date|family|group_study,quiet_atmosphere,1503
ChIJ41SlBzHmaC4RA8Ny5lUm79o,Oman cafe,0,68,68,0,0,me_time|date,,35
ChIJg42qZQDDaC4RzGsK3KAEXxo,Omi-Opi Coffee Roastery & Mini Cafe,0,0,0,0,0,,,142
ChIJlxKxhU7daC4RAKkIWugf40Y,One Roastery,0,0,0,0,0,,,3
ChIJ7VATNQDDaC4RKC8WOkApo-o,ONE SOUL Coffee Roastery,0,0,0,0,0,,,1
ChIJLyQBNgDDaC4RPRahjhR8mLo,ONE SOUL Coffee Roastery,0,0,0,0,0,,,4
ChIJsTVbOk7paC4Rht_2Xm6Y04Y,Origamikohi,68,100,100,0,100,me_time|date|group_study|wfc,power_outlet|parking|quiet_atmosphere,812
ChIJ3Y8YPv3naC4R2xqaCCFOz3s,osala coffee,0,100,68,0,90,me_time|group_study|date,quiet_atmosphere,225
ChIJiboZ4grpaC4RGzm65rdhqEI,Osmosis Coffee Shop & Satay,0,100,68,90,100,me_time|group_study|family|date,parking|quiet_atmosphere,650
ChIJx9_Azi_daC4RNU0-gJBVRUk,Our Coffee,0,0,0,0,0,,,11
ChIJm5Q8QwDdaC4RQVtia3sFImw,Overland Coffee,68,100,0,90,90,me_time|family|group_study|wfc,parking|quiet_atmosphere,251
ChIJLfFgQW3CaC4RVw2o-gUqiYc,Owlnest Coffee & Roastery,0,0,0,0,0,,,4
ChIJMSoyQAPpaC4RavJPbjVYS4Y,Pa.Ma Coffee,0,0,0,0,0,,,93
ChIJMYq_bTDmaC4RFmzpkSlYg4U,Pakuan Coffee Shop,0,0,0,0,0,,,166
ChIJO6JJ2UzdaC4RJImCdZiZ7Y8,Palasha Cafe & Resto,90,100,100,90,100,me_time|date|group_study|wfc|family,mushola|parking|quiet_atmosphere,1474
ChIJm3tOxondaC4RSzhqNuFWLDQ,Palma Coffee,0,0,0,0,0,,,18
ChIJY8LgKADdaC4R6bcZ1RgD_qU,Pappy Mommy Cafe,0,0,0,0,0,,,8
ChIJe_EYb_3DaC4Rji8pMOmYMuA,Papuri Food Market,0,0,0,90,0,family,,27
ChIJ4R7hCUrmaC4RaUMRX-1rhIY,Paris Van Java Cafe & Resto Speciality Coffee,100,100,100,100,0,wfc|me_time|date|family,wifi|power_outlet|parking|quiet_atmosphere|outdoor_area,517
ChIJt1zAsZ_daC4RYHdM4fKLf9o,pawon coffee,0,0,0,0,0,,,3
ChIJ1yA0dOfdaC4RdNt698MCOmc,Philoe coffee roastery,0,90,0,68,0,me_time|family,quiet_atmosphere,578
ChIJ50i9L0jmaC4Rqk52CdQ8Jhc,Pillow Cafe,68,100,100,100,68,me_time|date|family|wfc|group_study,mushola|parking|quiet_atmosphere|kid_friendly,1155
ChIJdQphNj3naC4RSXEX_y-MMbM,Pinoes Coffee,0,0,0,0,0,,,137
ChIJuwM1fwDDaC4Rm9gLnCyT_xc,Pinus Lambada Cafe,0,0,0,0,0,,,1
ChIJEXMlh8LnaC4RzrLvq8ghjLs,Pit Stop Cafe,0,0,0,0,0,,,1
ChIJB1sxmxHnaC4RWyioQqkEzoQ,Point Cafe Ahmad Yani 806,0,90,68,100,0,family|me_time|date,parking,555
ChIJmRWb-k3naC4RiqzyZSBhMik,Point Cafe Ciumbuleuit,0,0,68,0,0,date,parking,252
ChIJHX8kWRrnaC4R2wSs1uXlksQ,Point Cafe Dipatiukur,68,0,0,0,68,wfc|group_study,,584
ChIJ-ctEXP7naC4RTtcuqWuGKdk,Point Cafe Pasteur 78,0,0,0,0,0,,outdoor_area,384
ChIJ32qenFLnaC4Rdk3oLGXPh9I,Point Cafe Stasiun Bandung,68,0,0,0,0,wfc,,504
ChIJE_hFBIbdaC4ReUtMLIAyzgM,Point Cafe Ujung Berung 61,0,68,0,68,90,group_study|me_time|family,parking,640
ChIJk-NUJ77daC4R2xghafoMp5k,Point Coffee,50,50,0,50,0,wfc|me_time|family,,445
ChIJPfAJadDFaC4RDgnG6iTvKo8,Point Coffee,0,0,0,0,0,,,49
ChIJ0ZWsRcjDaC4RNrsmm9hybeM,Point Coffee Rest Area km 149,0,0,68,68,0,date|family,,281
ChIJB3srZzfDaC4RxH8p0mJg_ew,Pojok Tilu TIlu,0,100,90,100,68,me_time|family|date|group_study,mushola|parking|quiet_atmosphere|outdoor_area,1460
ChIJwf40x27DaC4Ra8EUarf1RUs,POLA coffee,0,0,0,0,0,,,1
ChIJd0V3ok_daC4RlELlqL_E9es,Pondok Kreatif Cisaranten,68,68,0,0,0,wfc|me_time,,42
ChIJjYxO25bnaC4RqCWWaL05NaY,Pote Cafe,0,0,0,0,0,,,102
ChIJmTucQO_maC4R_0ZYsopapGI,Progresif Cafe,0,0,0,0,0,,,2
ChIJ5_JXPXHpaC4RJm5TWmicKOI,"PROJECT SPACE - COFFEE, COWORKING SPACE & EVENT SPACE",100,100,90,100,100,wfc|me_time|family|group_study|date,wifi|power_outlet|mushola|parking|quiet_atmosphere,1534
ChIJgSmOOTfnaC4R0LhlL5TDShY,PT Jaad Food Indonesia,0,0,0,0,0,,,461
ChIJr-WH-nnpaC4RG7tiH0OXx4Q,PT Ruang Rindu Koffie,0,0,0,0,0,,,12
ChIJ12G6PQDDaC4RLes-oznWYDg,PT TELESYS INDONESIA,0,0,0,0,0,,,1
ChIJz3z2kHvdaC4ReCjh9583Ns8,PULUNG Art Café,68,100,68,68,0,me_time|wfc|date|family,wifi|quiet_atmosphere,344
ChIJx-fHQEHnaC4RgUm_4aL_z8E,Qual Coffee 2.0,0,68,68,0,0,me_time|date,,69
ChIJT-rXy0fnaC4RjNZ6NAvzoSE,Rajawali Cafe Bandung,0,0,0,0,0,,,1
ChIJT8YilaLpaC4RY_gVaEhXa0A,Rajut pelangi store,0,0,0,0,0,,,1
ChIJp78GgO_naC4RGZeU4zP4YOc,Ramayana Cafe,90,0,0,0,0,wfc,wifi,29
ChIJ6Vgm01XnaC4RMxvOKn66hps,Ran's Cafe,0,0,0,0,0,,,1
ChIJ-dxO8OzpaC4R43q5ly1e3kw,Rasain Cafe,0,0,0,0,0,,,14
ChIJ1zJM5CTDaC4RAyZAvJyuUlM,RedDoorz Cafe Almuawanah,0,0,0,0,0,,,1
ChIJheBi2anDaC4RvGXBDvwW6wM,Relasi Kopi Cibiru,100,100,90,100,68,wfc|me_time|family|date|group_study,wifi|mushola|parking|outdoor_area,1274
ChIJ_c8_cizdaC4RRpu0fBnLQNE,Rest Area Palalangon Cafe,68,90,0,100,90,family|me_time|group_study|wfc,wifi|quiet_atmosphere,207
ChIJOSt_seDDaC4RNfdGrGPXKh0,RG 8 Coffee & Eatery,0,68,0,0,0,me_time,,38
ChIJIbQ3qgLpaC4RHB3TUQyvcrM,Rief c jabrix,0,0,0,0,0,,,9
ChIJBeJOKjXdaC4R6r49m_TMYe8,Ringo cafe,0,100,90,0,0,me_time|date,quiet_atmosphere,274
ChIJRQAadH7DaC4R_Nfadhra7h0,Risalah Coffee,90,100,100,100,90,me_time|date|family|wfc|group_study,quiet_atmosphere,529
ChIJJy4ZfADDaC4RvHMuo4Ops3k,Roasting coffee,0,0,0,0,0,,,7
ChIJ8YLomBnoaC4RnY5wGH7kJNM,Rock Star Music Cafe,0,100,100,90,100,me_time|date|group_study|family,parking|quiet_atmosphere,419
ChIJm5W5_eTnaC4R7qd1VO_T1jk,Roempi Coffee Gerlong,100,68,68,0,68,wfc|me_time|date|group_study,wifi|power_outlet|parking|quiet_atmosphere|outdoor_area,732
ChIJH_hcGo7naC4RvTT4kiwb4ts,Roempi Coffee Rancasawo,68,0,90,68,0,date|wfc|family,,438
ChIJQzwYMyLnaC4RDF-Jp8xu4SY,Roempi Coffee Siliwangi,90,90,90,100,100,family|group_study|wfc|me_time|date,power_outlet|outdoor_area,644
ChIJCVjCDKjdaC4RtdVk7J0iiqE,Roempi Coffee Ujung Berung,90,100,68,0,90,me_time|wfc|group_study|date,power_outlet|quiet_atmosphere|outdoor_area,789
ChIJU5DYDEjmaC4R0H1Ddoej98c,Roger's Cafe & Lounge,68,68,0,0,80,group_study|wfc|me_time,parking,401
ChIJIYLjZKjnaC4RZISgJf7WPhs,Room MLG Coffee,100,100,100,100,100,wfc|me_time|date|family|group_study,wifi|power_outlet|mushola|quiet_atmosphere,1946
ChIJ-RWr8jXnaC4RTT2b54adVLg,ROTASI SPORT CAFE,0,68,0,0,0,me_time,quiet_atmosphere,21
ChIJqau4-HLDaC4Rftjeu11C9Yo,Ruang Cafe,90,0,0,90,100,group_study|wfc|family,,139
ChIJ8TMm7_ndaC4RxWw3RIU7tyc,Rumah cafe,0,0,0,0,0,,,1
ChIJg6LDVjDoaC4R5wM01CxbD88,Rumah Kopi Coffee.Inc,0,100,68,100,90,me_time|family|group_study|date,parking|quiet_atmosphere,366
ChIJKzgvTQDDaC4R_WKLLmz1j-c,Rumah Ustadz H. Muhammad Buron,0,0,0,0,0,,,1
ChIJSd32SVrpaC4Rg8pVkYLgNbQ,Rush Lush Resto & Cafe,90,100,100,100,100,me_time|date|family|group_study|wfc,mushola|parking|quiet_atmosphere|kid_friendly,1072
ChIJ-dorcADDaC4RE2-T-wuJLNo,S'four Cafe Cipamokolan,0,68,0,68,100,group_study|me_time|family,,502
ChIJH_yjnt3daC4R8zNz-StT6YA,SAFIRA CAFE,0,0,68,0,0,date,parking,193
ChIJwXKcYzTmaC4RJ2lSizv7AEM,Saga Cafe & Mart,68,68,0,0,0,wfc|me_time,wifi|quiet_atmosphere,93
ChIJxXVBtHjpaC4REpTQz0owa8o,SAL's Coffee,0,0,0,0,0,,outdoor_area,117
ChIJe3eC3B_naC4Rf1y3F57JJQc,Samson Coffee Garage,0,0,68,90,0,family|date,,71
ChIJf-WDPADdaC4RZb4XyzOkW3Q,Sandis Cafe,0,0,0,0,0,,,1
ChIJT9yFRf7naC4RufZXpxEkAuU,Sari Bundo - Rumah Makan Padang & Cafe,0,0,68,100,0,family|date,parking,950
ChIJUa_61m7daC4RjtF_tucMQ2M,Satu Delapan Delapan Cafe,0,0,0,0,90,group_study,,14
ChIJp1aUQsTmaC4Ru3VzjxopnK8,Saung Rengganis Cafe & Catering,90,100,100,100,100,me_time|date|family|group_study|wfc,parking|quiet_atmosphere,623
ChIJUbx0FADnaC4RLH8i4-dYvPQ,Savor,0,0,0,100,0,family,parking|kid_friendly,109
ChIJbzCFWcnnaC4RRth19uhy0Lc,Sawanni coffee,0,0,0,0,68,group_study,,76
ChIJRSO9ewDdaC4R4gELiel3CgI,Seblak teh nden cafe cafean ..cafe nyumput,0,0,0,0,0,,,4
ChIJNdeDuZ3DaC4RZYkKU42bMC8,Seimbang Cafe & Coffee,0,0,0,0,0,,,85
ChIJPd0TGrjdaC4RYn5m90fb_a4,Sej Coffee Pickup Point,0,0,0,0,0,,,73
ChIJg02zX6XpaC4RPkQyqjF3Scs,Sekawan Kopi & Space,0,100,100,100,100,me_time|date|family|group_study,quiet_atmosphere|outdoor_area,893
ChIJr87B7hroaC4Re7paDGSWw4I,Selaras Cafe,68,0,0,0,68,wfc|group_study,,19
ChIJ44GC7-XDaC4RZsTNKrblAbc,Senja coffee,0,0,0,68,0,family,,9
ChIJDbN4ewDnaC4RVTEAUdwL5Z4,Senyaman Coffee & Cafe,100,100,100,100,100,wfc|me_time|date|family|group_study,power_outlet|mushola|parking|quiet_atmosphere,1248
ChIJbwU2t2fdaC4RtF-vI2sPdtg,Setter Coffee,0,100,68,90,68,me_time|family|date|group_study,parking,369
ChIJC4sapbndaC4Rd_GbGOVdQ0A,Seven AM Art & Design Studio,0,0,0,0,90,group_study,,73
ChIJNT0-OQ_DaC4R5dXZNc7oEuU,Seventeen coffee shop,0,0,0,68,0,family,,22
ChIJgVteRZ_naC4RFkrL6i5B-6c,Shankara Coffee,0,0,0,0,0,,,1
ChIJRQrfLpHdaC4RCt2oInUNOow,Sideway Coffee and Creative Space,100,100,68,100,90,wfc|me_time|family|group_study|date,wifi|power_outlet|parking,704
ChIJ0Ukf1iHnaC4RW4lEe4myzI8,Sierra Cafe & Lounge,0,100,100,100,68,me_time|date|family|group_study,parking|quiet_atmosphere,1169
ChIJZT3nLR7daC4Rk-c8rRwTNv4,Siklus Coffee,0,90,90,0,68,me_time|date|group_study,,94
ChIJTcyJvAvnaC4RzvaT0NOHyQg,Sincere Cafe - Paskal,0,90,100,0,0,date|me_time,parking|quiet_atmosphere,762
ChIJ_TaPxwrDaC4RYfbkWW62Xgo,SINERGI Coffee & Co Working Space,100,0,68,0,0,wfc|date,power_outlet,126
ChIJCQc0uprnaC4R1_7b5Nx8cN8,Smooth Cafe,0,0,0,0,0,,,1
ChIJawtYCDXmaC4RVol2ECy4yRY,Sonoma Cafe|Resto (Sonoma Gold),0,100,100,100,100,me_time|date|family|group_study,quiet_atmosphere,935
ChIJbVVXMwDdaC4RO0cu5-OXc_U,Sora Car Wash & Cafe,90,0,90,100,0,family|wfc|date,mushola,2011
ChIJXUM-ecTDaC4R-pdMVDXTR4M,Sora Coffee,68,90,90,68,0,me_time|date|wfc|family,parking,369
ChIJb9H21ynDaC4ROvTRd6upvhk,Spesies Coffee,0,0,68,0,68,date|group_study,mushola,392
ChIJy8Iot5vDaC4Rb6RlhVUcfT0,Spesies Coffee Manisi,0,0,0,0,0,,,3
ChIJ-YFJ2DbnaC4R36hLHt6xdcc,Spot 225° Cafe,68,90,100,100,0,date|family|me_time|wfc,parking|quiet_atmosphere|large_tables|outdoor_area,655
ChIJVVVVJVnmaC4RG8JaOjv6os4,Starbucks Coffee - Ciwalk Bandung,100,100,0,100,100,wfc|me_time|family|group_study,power_outlet|quiet_atmosphere|outdoor_area,1185
ChIJzedDFFLmaC4Ri_c-D0UYUJQ,Starbucks Coffee Dipati Ukur,100,100,100,100,100,wfc|me_time|date|family|group_study,wifi|quiet_atmosphere|large_tables|outdoor_area,827
ChIJ2UfYdADDaC4R1plrftgIurY,Starlight Cafe & Blessing Studio,0,0,0,0,0,,,2
ChIJI60_iTblaC4RCnKykfWWPIE,STARLITE CAFE BANDUNG,0,0,0,0,0,,,6
ChIJ2xyLsxTnaC4RXpS9VahrA04,Steak & Coffee SML Cafe,0,0,0,0,0,,parking,33
ChIJbVwDe8fDaC4RUoAI4-Ykc6U,StrawHat Integrated Green Farming & Boutique Inn,68,100,90,100,100,me_time|family|group_study|date|wfc,quiet_atmosphere|kid_friendly,894
ChIJjbNp_U3maC4RdZ1VJX8-Lbs,Stream Coffee Express,100,90,68,68,100,wfc|group_study|me_time|date|family,wifi|parking,1460
ChIJRyb4pn7naC4RFsXVO6vn0P0,"Suardi Media Property Murah, Cimenyan",0,0,0,0,0,,,4
ChIJu2-8D9rnaC4RFjBtGZ75188,Succa Coffee,0,68,68,0,0,me_time|date,,144
ChIJ-4gs5hTdaC4RcJPEHNS_ikY,Suka Sangrai Coffee Roaster,0,0,0,0,0,,,63
ChIJVeRoL8LdaC4R-BnRjFlftC8,Sunrai Coffe,0,90,100,0,0,date|me_time,quiet_atmosphere,98
ChIJ1R6sN8rDaC4RRigb242wfkc,Surabi Kedoel x Kedoel Coffee,100,68,100,100,100,wfc|date|family|group_study|me_time,wifi|power_outlet|mushola|quiet_atmosphere|outdoor_area,590
ChIJPelEIxLpaC4Ro_hCl5Carl0,Surjoy Coffee,100,100,68,90,100,wfc|me_time|group_study|family|date,parking|quiet_atmosphere|outdoor_area,820
ChIJqf4oPe7naC4Rsp59sFq1c0E,SWEET LIGHT CAFE PUNCLUT,0,68,0,0,0,me_time,quiet_atmosphere,16
ChIJQ8I-awDdaC4Re2C_E4U8ogo,TANDOM 23 COFFEE,0,100,90,0,0,me_time|date,outdoor_area,602
ChIJ2S0LtzHmaC4R21p7iP3Gajs,Taruma Kafe,0,0,0,0,0,,parking,175
ChIJqyyw_crnaC4RFM22njSI1Gc,Ten To Ten Cafe Mangga,0,68,0,100,90,family|group_study|me_time,parking|quiet_atmosphere,676
ChIJaarCGhndaC4R-qB69oGdfH8,Tepi Kota Cafe,0,0,68,90,0,family|date,,215
ChIJ4-Epj2_daC4RrjXzu7JUFXQ,Tequila cafe,0,0,0,0,0,,,1
ChIJ9TlcZRTnaC4REXd2bYsl3bs,Teras Cafe,68,100,100,90,90,me_time|date|family|group_study|wfc,mushola|parking|quiet_atmosphere|outdoor_area,954
ChIJP95h8_HdaC4RhI8ERjMLbm8,Teras Kayumanis,68,100,100,100,100,me_time|date|family|group_study|wfc,power_outlet|mushola|parking|quiet_atmosphere|outdoor_area,1325
ChIJTwrk44TdaC4RieyoCYX3qHQ,Teras Sore Cafe,90,100,100,100,100,me_time|date|family|group_study|wfc,quiet_atmosphere,356
ChIJw9KuhYzmaC4RqQKy5VVuqnU,Teratai Restaurant & Coffee Shop,0,100,68,68,0,me_time|date|family,,253
ChIJ14vDaVvpaC4RIjWoizMrVGU,Thafsir Coffee,0,0,0,0,0,,,3
ChIJ2ULNBzjmaC4R0CVQIjdyQXw,The Airplane Cafe,0,0,0,0,0,,,8
ChIJVbwO0tfCaC4RjDju755mRmQ,The Coffee Bean & Tea Leaf (Transmart Carrefour Cipadung),100,68,68,0,68,wfc|me_time|date|group_study,outdoor_area,498
ChIJf4dAHz3naC4Rf87K0WSk2tw,The KORA Coffee,0,68,0,0,0,me_time,,43
ChIJdQzPUOLDaC4RW34CvAXWiII,The People's Cafe - Summarecon Mall Bandung,68,100,90,100,68,me_time|family|date|wfc|group_study,quiet_atmosphere|outdoor_area,1058
ChIJx9LJWGDmaC4RQPXDCpGyttQ,The People's Cafe Paris Van Java,0,100,100,100,90,me_time|date|family|group_study,parking|outdoor_area,1355
ChIJje1L0XvdaC4RkiBVyjV23qg,The Warung Kopi By MG,100,100,100,100,100,wfc|me_time|date|family|group_study,wifi|power_outlet|mushola|parking|large_tables|outdoor_area,2906
ChIJQQ5XvbDdaC4RT6qCWBkcRto,Tike Coffee,90,0,0,0,0,wfc,wifi|parking|outdoor_area,522
ChIJmSeofTLnaC4RCUIgzO7_0TM,Titik Tujuan coffee,0,0,0,0,0,,,80
ChIJKXN2JjLnaC4RaGPNZdR3lz8,Tjikopi Coffee Shop,0,0,0,90,0,family,parking,11
ChIJkwkgXADpaC4Rxjt_FlpzxH8,Toko Kopi Malabar Roastery House (Roasted Beans) & Kopi Bubuk Bandung,90,90,68,68,68,wfc|me_time|date|family|group_study,,700
ChIJy4KkdwDnaC4Rj5koMVKWVZI,TOMORO COFFEE - Antapani,100,100,100,100,100,wfc|me_time|date|family|group_study,wifi|power_outlet|mushola|parking|quiet_atmosphere|outdoor_area,1822
ChIJ4_2VcTroaC4RmdELsYlOMyw,Total Kedai Kopi,100,100,68,100,100,wfc|me_time|family|group_study|date,mushola|parking|outdoor_area,816
ChIJ2VLUuz_paC4R_Kl3-l88XOY,Trembesi Coffee Shop,100,100,0,0,68,wfc|me_time|group_study,wifi|power_outlet|parking|outdoor_area,175
ChIJ9UL57GPnaC4RY1xU35UhZ34,Trotoart Cafe & Street Kichen Cisitu,68,68,100,0,0,date|wfc|me_time,wifi,449
ChIJKzCDzAfnaC4RhPmDN1OHwdc,Twenty-One Coffe Shop,0,0,0,0,0,,,2
ChIJP1l4dlLdaC4RJAWx04gDe3w,Twentynine Coffee & Eatery,68,68,90,0,0,date|wfc|me_time,,82
ChIJsc7KKc_daC4RKqlZNshy7dI,TWIN CAFE AND CAKE,0,0,0,0,0,,,1
ChIJnUmn9AnnaC4RZs8lgCbvAug,Twin Sharing Coffee,0,0,0,0,0,,,37
ChIJK8NXHq7daC4RqAfncrISGcQ,Uber Corner - Cafe & Carwash,0,0,90,0,0,date,parking|outdoor_area,366
ChIJ9by5tzrmaC4R5kvKrBesGfg,Uday cafe & resto,0,68,0,0,0,me_time,quiet_atmosphere,184
ChIJd6IhYlLDaC4RA6pbDSXxLXM,Uhuy Cafe,0,0,0,0,0,,,1
ChIJA3hk9W3DaC4RG55pQKxIKzQ,Uhuy Cafe New,0,0,0,0,0,,,1
ChIJt5iaK-ndaC4R_oXnnjBzHkU,UMAN COFFEE SHOP,0,0,0,0,0,,,25
ChIJL4CBUgDDaC4RF9d6JiBBZ04,UPLOAD COFFEE,68,100,90,68,68,me_time|date|wfc|family|group_study,parking|quiet_atmosphere,591
ChIJFxOJGjjmaC4RIKd6A1EqxOE,Upnormal Coffee Roasters BEC,90,100,90,0,0,me_time|wfc|date,quiet_atmosphere,366
ChIJI1yLKcDnaC4RPlNzud7e-BI,V'DA Cafe,0,0,0,0,0,,,1
ChIJ7fuJBBPdaC4RTM2sOplt0yE,Van's Home n Cafe,0,0,0,0,0,,,1
ChIJLVoAkxLpaC4RxbnSvMYSzpA,Vasa Cafe (Coffee & Mabar),0,0,0,0,0,,,34
ChIJ1xj_vh3oaC4RJPBOTjkOCmk,Venus Cafe,68,90,90,90,68,me_time|date|family|wfc|group_study,mushola|parking,926
ChIJb14JOZTCaC4RPxL1Q6JbDIs,Warjon Coffee N Milk Bar,0,68,0,0,68,me_time|group_study,parking,61
ChIJW7ROUQDdaC4RnHn0u3b-6AY,Warkop Abas,0,90,0,0,0,me_time,,89
ChIJNYp0kqHDaC4RKEFetwsKLns,Warkop Mas Ganteng,0,0,0,0,0,,,33
ChIJmWP-mTXDaC4ReRXY35UJ-jM,WARMA cafe,0,0,0,0,0,,,15
ChIJOWpewcfnaC4RfG_rTxaw17w,Warmindo Warung Loder,0,0,0,0,0,,,59
ChIJiwA4cSjDaC4Rk3BIk7dcHIA,Waroeng Bako Coffee (BANDREK KOPI),0,90,90,100,100,family|group_study|me_time|date,parking|outdoor_area,632
ChIJe2wjVzTDaC4R3xD6zhAebx4,Waroenk Cafe Yayang,100,100,0,90,68,wfc|me_time|family|group_study,parking|quiet_atmosphere|outdoor_area,1016
ChIJFYEWkBzoaC4RvooNJthqce0,Warung Kopi Asri,0,0,0,0,0,,,15
ChIJ5TL10XjnaC4RFTtUobexqhw,Warung Kopi Kiwari,68,100,100,90,0,me_time|date|family|wfc,parking|quiet_atmosphere,715
ChIJZbwCFcLDaC4RVEF3cZkDaSk,Warung Sarerea - wifi.id 100Mbps (ssid:pilarnet),68,0,0,0,68,wfc|group_study,wifi,103
ChIJn2ceYwDDaC4RZMEPxqRiZjM,Wawan house,0,0,0,0,0,,,1
ChIJ322luWjpaC4RVMu4WV2Fczc,White Beard Coffee & Roastery,0,0,0,0,0,,,24
ChIJ27d2XDLnaC4RswSDDQKH4eM,Wolsom Coffee - Antapani,0,0,0,0,0,,,190
ChIJhSWIGi_oaC4RtFXbXCQ7j-4,Worden Coffee,0,68,0,0,0,me_time,,60
ChIJxYUivFzDaC4RBVx6uLbVRUQ,Zeta cafe - Grand Cordela Hotel Bandung,0,0,0,0,0,,,16
ChIJ7zBJGzLmaC4R9z6tm6yHfLs,Zie Cafe,0,100,100,0,90,me_time|date|group_study,quiet_atmosphere|outdoor_area,382
ChIJXZ3HWBvDaC4R1MPRCGoZFts,Zyks Coffee,0,100,68,0,68,me_time|date|group_study,,367